source_id	name	closes_gap	use	redistribution	access	priority	status	verified_on	url	rationale	implementation	reviewed_on	review_basis	script	artifacts	license_url
interpro_pfam	InterPro/Pfam	family registry and lexical DUF triage	SEED	CC0_OK	API	1	ADOPTED	2026-10-07	https://www.ebi.ac.uk/interpro/api/entry/pfam/	6,532 families frozen 2026-10-01; offline seed-label correction 2026-10-05. Seed labels are lexical triage, not scientific review.	IMPLEMENTED	2026-10-07	docs/provenance/seed-classification-correction-2026-10-05.md	scripts/freeze_duf_puf_worklist.py	data/worklists/interpro-pfam-duf-2026-10-01.manifest.json;data/worklists/interpro-pfam-duf-2026-10-05.manifest.json	https://interpro-documentation.readthedocs.io/en/latest/license.html
uniprot_members	UniProtKB and UniRef member expansion	representative proteins and redundancy clusters	REFERENCE	ATTRIBUTION	API	1	ADOPTED	2026-10-07	https://rest.uniprot.org/uniprotkb/search	Two bounded PF04149 members frozen for residue-range visualization; coordinates are source annotations, not functional validation or representative sampling.	IMPLEMENTED	2026-10-07	docs/provenance/member-domain-view-2026-10-07.md	scripts/freeze_duf_puf_members.py	data/worklists/pfam-uniprot-uniref90-2026-10-07.manifest.json	https://rest.uniprot.org/help/license
mgnify	MGnify Proteins	environmental representatives and biome context	REFERENCE	UNVERIFIED	API	2	EVALUATING		https://www.ebi.ac.uk/metagenomics/proteins/api/v1	Implemented; the 2026-10-01 external run reported 12 MGYP rows. MGnify is scoring context, not experimentally established family function.	IMPLEMENTED	2026-10-07	docs/provenance/expanded-first-pass-freeze-2026-10-01.md	scripts/freeze_duf_puf_mgnify.py		""
alphafold	AlphaFold DB	predicted structural coverage and confidence	REFERENCE	ATTRIBUTION	API	2	EVALUATING	2026-10-07	https://alphafold.ebi.ac.uk/api/prediction/{accession}	Implemented; 12 prediction rows reported in the external 2026-10-01 run. No committed source freeze.	IMPLEMENTED	2026-10-07	docs/provenance/expanded-first-pass-freeze-2026-10-01.md	scripts/freeze_duf_puf_alphafold.py		https://alphafold.ebi.ac.uk/assets/License-Disclaimer.pdf
cath	CATH-Gene3D FunFams	domain superfamily and FunFam assignments	REFERENCE	UNVERIFIED	API	3	EVALUATING		https://www.cathdb.info/version/v4_4_0/api/rest/uniprot_to_funfam/	Implemented; external 2026-10-01 run returned zero rows with four persistent fetch failures. Zero rows do not establish biological absence.	IMPLEMENTED	2026-10-07	docs/provenance/expanded-first-pass-freeze-2026-10-01.md	scripts/freeze_duf_puf_cath.py		""
cdsearch	NCBI Batch CD-Search / CDD	independent conserved-domain assignments	REFERENCE	UNVERIFIED	API	2	EVALUATING		https://www.ncbi.nlm.nih.gov/Structure/bwrpsb/bwrpsb.cgi	Implemented; external 2026-10-01 run produced a zero-row CDD snapshot. Specific and superfamily hits have different scoring implications.	IMPLEMENTED	2026-10-07	docs/provenance/expanded-first-pass-freeze-2026-10-01.md	scripts/freeze_duf_puf_cdsearch.py		""
ncbifam	NCBIFAM protein family models	curated family model hits	REFERENCE	UNVERIFIED	MANUAL	1	CANDIDATE		https://ftp.ncbi.nih.gov/hmm/current	Saved-table parser, freeze command and scorer are implemented. No source table or committed hit snapshot was found in the ignored-file-inclusive inventory.	IMPLEMENTED	2026-10-07	docs/reports/duf-puf-data-sources-2026-09-30.md	scripts/freeze_duf_puf_ncbifam.py		""
eggnog	eggNOG-mapper annotations	orthology-based annotation context	REFERENCE	UNVERIFIED	MANUAL	1	CANDIDATE		https://eggnog-mapper.cgmlab.org	Parser, freeze command and scorer are implemented. The 2026-10-01 expanded run explicitly omitted eggNOG because no saved input was available.	IMPLEMENTED	2026-10-07	docs/provenance/expanded-first-pass-freeze-2026-10-01.md	scripts/freeze_duf_puf_eggnog.py		https://eggnog-mapper.cgmlab.org/about/
efi_gnt	EFI-GNT Pfam Neighbor Mapping Table	genome-neighborhood hypotheses	REFERENCE	UNVERIFIED	MANUAL	2	CANDIDATE		https://efi.igb.illinois.edu/efi-gnt/	Saved-table parser, freeze command and context scorer are implemented; no committed export or neighborhood snapshot.	IMPLEMENTED	2026-10-07	docs/reports/duf-puf-data-sources-2026-09-30.md	scripts/freeze_duf_puf_efi_gnt.py		""
jgi_img	JGI IMG gene-neighborhood table	genome-neighborhood and scaffold context	REFERENCE	UNVERIFIED	MANUAL	3	BLOCKED		https://img.jgi.doe.gov/	Parser, freeze command and context scorer implemented. Blocked pending an authorized saved export with project/release and terms provenance; do not label all IMG data restricted.	IMPLEMENTED	2026-10-07	docs/reports/duf-puf-data-sources-2026-09-30.md	scripts/freeze_duf_puf_jgi_img.py		https://jgi.doe.gov/data-policy-support/full-data-policy
threedbeacons	3D-Beacons Network	multi-provider structural coverage	REFERENCE	UNVERIFIED	API	2	EVALUATING		https://www.ebi.ac.uk/pdbe/pdbe-kb/3dbeacons/api/uniprot/summary	Implemented; external 2026-10-01 run reported 19 AlphaFold DB rows through 3D-Beacons. Provider identity remains explicit.	IMPLEMENTED	2026-10-07	docs/provenance/expanded-first-pass-freeze-2026-10-01.md	scripts/freeze_duf_puf_threedbeacons.py		""
rcsb	RCSB PDB experimental structures	experimental structure coverage	REFERENCE	CC0_OK	API	2	EVALUATING	2026-10-07	https://search.rcsb.org/rcsbsearch/v2/query	Implemented; external 2026-10-01 run found no experimental entities for its 12 proteins. An empty pilot is not a corpus-wide absence claim.	IMPLEMENTED	2026-10-07	docs/provenance/expanded-first-pass-freeze-2026-10-01.md	scripts/freeze_duf_puf_rcsb.py		https://www.rcsb.org/pages/policies
pdbe_kb	PDBe-KB entity annotations	residue and domain annotations on PDB entities	REFERENCE	UNVERIFIED	API	2	EVALUATING		https://www.ebi.ac.uk/pdbe/api/pdb/entry	Implemented; 2026-10-01 external run wrote an empty snapshot from empty RCSB seeds, so it did not demonstrate live annotation coverage.	IMPLEMENTED	2026-10-07	docs/provenance/expanded-first-pass-freeze-2026-10-01.md	scripts/freeze_duf_puf_pdbe_kb.py		""
rhea	Rhea reactions	curated biochemical reaction associations	REFERENCE	UNVERIFIED	API	1	EVALUATING		https://www.rhea-db.org/rhea/	Implemented; external 2026-10-01 run found zero linked reactions. Reaction associations can demote unknown-function status only with source evidence.	IMPLEMENTED	2026-10-07	docs/provenance/expanded-first-pass-freeze-2026-10-01.md	scripts/freeze_duf_puf_rhea.py		""
quickgo	QuickGO molecular-function annotations	GO molecular function with evidence codes	REFERENCE	UNVERIFIED	API	1	EVALUATING		https://www.ebi.ac.uk/QuickGO/services/annotation/search	Implemented; external 2026-10-01 run reported four GO:0003677 annotations for PF19054. This is a historical pilot result, not a newly curated claim.	IMPLEMENTED	2026-10-07	docs/provenance/expanded-first-pass-freeze-2026-10-01.md	scripts/freeze_duf_puf_quickgo.py		https://www.ebi.ac.uk/QuickGO/api/index.html
stringdb	STRING v12.0 functional associations	functional association context	REFERENCE	ATTRIBUTION	API	2	EVALUATING	2026-10-07	https://version-12-0.string-db.org/api	Implemented; 2026-10-01 pilot initially failed for unsupported taxon 927661; expanded run reported four partners for A0A011PM99. Associations are contextual, not direct mechanism proof.	IMPLEMENTED	2026-10-07	docs/provenance/expanded-first-pass-freeze-2026-10-01.md	scripts/freeze_duf_puf_string.py		https://www.string-db.org/cgi/access?footer_active_subpage=licensing
uniparc	UniParc sequence archive	permanent sequence identity and checksums	REFERENCE	ATTRIBUTION	API	3	EVALUATING	2026-10-07	https://rest.uniprot.org/idmapping/run	Implemented; 12 external pilot rows reported on 2026-10-01. UniParc provides identity support and has no direct characterization-score flag.	IMPLEMENTED	2026-10-07	docs/provenance/expanded-first-pass-freeze-2026-10-01.md	scripts/freeze_duf_puf_uniparc.py		https://rest.uniprot.org/help/license
cross_mech	Cross-Mech curated-record references	reuse candidates from sibling curated corpora	REFERENCE	UNVERIFIED	MANUAL	1	BLOCKED		https://github.com/CultureBotAI	16,298 reference rows published from 2026-10-05 scan and relabeled offline 2026-10-06; no new scan or retrieval on October 6. Retain legacy provenance; further adoption awaits license review.	IMPLEMENTED	2026-10-07	docs/provenance/cross-mech-worklist-2026-10-06.md	scripts/freeze_cross_mech_examples.py	data/cross_mech/cross-mech-duf-examples-2026-10-05.manifest.json;data/cross_mech/cross-mech-duf-examples-2026-10-06.manifest.json	""
